breed;id;chrom;nSNP;from;to;lengthBps
CIL;Chill_12;1;26;53569724;53629280;59556
CIL;Chill_12;1;51;54326730;54446228;119498
CIL;Chill_12;1;36;54665790;54787933;122143
CIL;Chill_12;1;25;55115614;55213077;97463
CIL;Chill_12;1;24;61768017;61830255;62238
CIL;Chill_14;1;26;53569724;53629280;59556
CIL;Chill_14;1;51;54326730;54446228;119498
CIL;Chill_14;1;36;54665790;54787933;122143
CIL;Chill_14;1;25;55115614;55213077;97463
CIL;Chill_14;1;24;61768017;61830255;62238
CIL;Chill_3;1;26;53569724;53629280;59556
CIL;Chill_3;1;51;54326730;54446228;119498
CIL;Chill_3;1;36;54665790;54787933;122143
CIL;Chill_3;1;25;55115614;55213077;97463
